variable,direct,indirect,total,z_direct,z_indirect,z_total,p_direct,p_indirect,p_total
lag_migrants dy/dx,-0.03353500815598487,0.03405939485137828,5.243866953934112e-4,-1.1772676581296662,0.6393068364056793,0.03898959388263406,0.23908869138234734,0.5226233419772144,0.9688986851851396
log_pib dy/dx,-0.10342605582045702,-0.020883398192434496,-0.12430945401289152,-2.2796147050544047,-0.30270576635369467,-2.4644859647097603,0.02263055004000747,0.7621141029364296,0.013720993718630226
polity2 dy/dx,-9.741719204195257e-4,-0.02464117105308482,-0.025615342973504346,-0.1375504408272066,-1.650239794772759,-1.4418499804941465,0.8905957255833687,0.0988939005804359,0.1493446995518033
log_ressources dy/dx,7.184439239116139e-4,0.025659192443863006,0.02637763636777462,-0.01442736787609109,0.3220847289645848,0.27650083843690954,0.9884890252529017,0.7473885068844863,0.7821634157605581
